fips,county_name,total_pop
1001,Autauga County,55200
1003,Baldwin County,208107
1005,Barbour County,25782
1007,Bibb County,22527
1009,Blount County,57645
1011,Bullock County,10352
1013,Butler County,20025
1015,Calhoun County,115098
1017,Chambers County,33826
1019,Cherokee County,25853
1021,Chilton County,43930
1023,Choctaw County,13075
1025,Clarke County,24387
1027,Clay County,13378
1029,Cleburne County,14938
1031,Coffee County,51288
1033,Colbert County,54495
1035,Conecuh County,12514
1037,Coosa County,10855
1039,Covington County,37351
1041,Crenshaw County,13865
1043,Cullman County,82313
1045,Dale County,49255
1047,Dallas County,40029
1049,DeKalb County,71200
1051,Elmore County,81212
1053,Escambia County,37328
1055,Etowah County,102939
1057,Fayette County,16585
1059,Franklin County,31542
1061,Geneva County,26491
1063,Greene County,8426
1065,Hale County,14887
1067,Henry County,17124
1069,Houston County,104352
1071,Jackson County,52094
1073,Jefferson County,659892
1075,Lamar County,13933
1077,Lauderdale County,92585
1079,Lawrence County,33171
1081,Lee County,159287
1083,Limestone County,93052
1085,Lowndes County,10236
1087,Macon County,19054
1089,Madison County,357560
1091,Marengo County,19538
1093,Marion County,29965
1095,Marshall County,95145
1097,Mobile County,414659
1099,Monroe County,21512
1101,Montgomery County,226941
1103,Morgan County,119122
1105,Perry County,9486
1107,Pickens County,20298
1109,Pike County,33403
1111,Randolph County,22574
1113,Russell County,58213
1115,St. Clair County,87306
1117,Shelby County,211261
1119,Sumter County,12985
1121,Talladega County,80565
1123,Tallapoosa County,40636
1125,Tuscaloosa County,206213
1127,Walker County,64493
1129,Washington County,16643
1131,Wilcox County,10809
1133,Winston County,23875
2013,Aleutians East Borough,3425
2016,Aleutians West Census Area,5750
2020,Anchorage Municipality,296112
2050,Bethel Census Area,18040
2060,Bristol Bay Borough,890
2068,Denali Borough,2232
2070,Dillingham Census Area,4975
2090,Fairbanks North Star Borough,99653
2100,Haines Borough,2518
2105,Hoonah-Angoon Census Area,2132
2110,Juneau City and Borough,32330
2122,Kenai Peninsula Borough,58220
2130,Ketchikan Gateway Borough,13804
2150,Kodiak Island Borough,13649
2158,Kusilvak Census Area,8198
2164,Lake and Peninsula Borough,1375
2170,Matanuska-Susitna Borough,103464
2180,Nome Census Area,9925
2185,North Slope Borough,9797
2188,Northwest Arctic Borough,7734
2195,Petersburg Borough,3255
2198,Prince of Wales-Hyder Census Area,6474
2220,Sitka City and Borough,8738
2230,Skagway Municipality,1061
2240,Southeast Fairbanks Census Area,6876
2261,Valdez-Cordova Census Area,9301
2275,Wrangell City and Borough,2484
2282,Yakutat City and Borough,689
2290,Yukon-Koyukuk Census Area,5415
4001,Apache County,71522
4003,Cochise County,126279
4005,Coconino County,140217
4007,Gila County,53400
4009,Graham County,37879
4011,Greenlee County,9504
4012,La Paz County,20701
4013,Maricopa County,4253913
4015,Mohave County,206064
4017,Navajo County,108705
4019,Pima County,1019722
4021,Pinal County,419721
4023,Santa Cruz County,46584
4025,Yavapai County,224645
4027,Yuma County,207829
5001,Arkansas County,18124
5003,Ashley County,20537
5005,Baxter County,41219
5007,Benton County,258980
5009,Boone County,37288
5011,Bradley County,10948
5013,Calhoun County,5202
5015,Carroll County,27887
5017,Chicot County,10826
5019,Clark County,22385
5021,Clay County,15061
5023,Cleburne County,25230
5025,Cleveland County,8226
5027,Columbia County,23892
5029,Conway County,20906
5031,Craighead County,105701
5033,Crawford County,62472
5035,Crittenden County,49013
5037,Cross County,16998
5039,Dallas County,7432
5041,Desha County,11887
5043,Drew County,18502
5045,Faulkner County,122416
5047,Franklin County,17780
5049,Fulton County,12139
5051,Garland County,98296
5053,Grant County,18086
5055,Greene County,44623
5057,Hempstead County,22018
5059,Hot Spring County,33520
5061,Howard County,13389
5063,Independence County,37264
5065,Izard County,13559
5067,Jackson County,17225
5069,Jefferson County,70424
5071,Johnson County,26291
5073,Lafayette County,6915
5075,Lawrence County,16669
5077,Lee County,9398
5079,Lincoln County,13695
5081,Little River County,12417
5083,Logan County,21757
5085,Lonoke County,72206
5087,Madison County,16076
5089,Marion County,16438
5091,Miller County,43759
5093,Mississippi County,42831
5095,Monroe County,7249
5097,Montgomery County,8993
5099,Nevada County,8440
5101,Newton County,7848
5103,Ouachita County,24106
5105,Perry County,10322
5107,Phillips County,19034
5109,Pike County,10808
5111,Poinsett County,24054
5113,Polk County,20163
5115,Pope County,63644
5117,Prairie County,8244
5119,Pulaski County,393463
5121,Randolph County,17603
5123,St. Francis County,26294
5125,Saline County,118009
5127,Scott County,10442
5129,Searcy County,7923
5131,Sebastian County,127461
5133,Sevier County,17193
5135,Sharp County,17043
5137,Stone County,12446
5139,Union County,39732
5141,Van Buren County,16684
5143,Washington County,228529
5145,White County,78804
5147,Woodruff County,6660
5149,Yell County,21573
6001,Alameda County,1643700
6003,Alpine County,1146
6005,Amador County,37829
6007,Butte County,227075
6009,Calaveras County,45235
6011,Colusa County,21464
6013,Contra Costa County,1133247
6015,Del Norte County,27424
6017,El Dorado County,186661
6019,Fresno County,978130
6021,Glenn County,27897
6023,Humboldt County,135768
6025,Imperial County,180216
6027,Inyo County,18085
6029,Kern County,883053
6031,Kings County,150075
6033,Lake County,64148
6035,Lassen County,31185
6037,Los Angeles County,10098052
6039,Madera County,155013
6041,Marin County,260295
6043,Mariposa County,17540
6045,Mendocino County,87422
6047,Merced County,269075
6049,Modoc County,8938
6051,Mono County,14174
6053,Monterey County,433212
6055,Napa County,140530
6057,Nevada County,99092
6059,Orange County,3164182
6061,Placer County,380077
6063,Plumas County,18699
6065,Riverside County,2383286
6067,Sacramento County,1510023
6069,San Benito County,59416
6071,San Bernardino County,2135413
6073,San Diego County,3302833
6075,San Francisco County,870044
6077,San Joaquin County,732212
6079,San Luis Obispo County,281455
6081,San Mateo County,765935
6083,Santa Barbara County,443738
6085,Santa Clara County,1922200
6087,Santa Cruz County,273765
6089,Shasta County,179085
6091,Sierra County,2930
6093,Siskiyou County,43540
6095,Solano County,438530
6097,Sonoma County,501317
6099,Stanislaus County,539301
6101,Sutter County,95872
6103,Tehama County,63373
6105,Trinity County,12862
6107,Tulare County,460477
6109,Tuolumne County,53932
6111,Ventura County,848112
6113,Yolo County,214977
6115,Yuba County,75493
8001,Adams County,497115
8003,Alamosa County,16444
8005,Arapahoe County,636671
8007,Archuleta County,12908
8009,Baca County,3563
8011,Bent County,5809
8013,Boulder County,321030
8014,Broomfield County,66120
8015,Chaffee County,19164
8017,Cheyenne County,2039
8019,Clear Creek County,9379
8021,Conejos County,8142
8023,Costilla County,3687
8025,Crowley County,5630
8027,Custer County,4640
8029,Delta County,30346
8031,Denver County,693417
8033,Dolores County,1841
8035,Douglas County,328614
8037,Eagle County,54357
8039,Elbert County,25162
8041,El Paso County,688153
8043,Fremont County,47002
8045,Garfield County,58538
8047,Gilpin County,5924
8049,Grand County,15066
8051,Gunnison County,16537
8053,Hinsdale County,878
8055,Huerfano County,6583
8057,Jackson County,1296
8059,Jefferson County,570427
8061,Kiowa County,1449
8063,Kit Carson County,7635
8065,Lake County,7585
8067,La Plata County,55101
8069,Larimer County,338161
8071,Las Animas County,14179
8073,Lincoln County,5548
8075,Logan County,21689
8077,Mesa County,149998
8079,Mineral County,823
8081,Moffat County,13060
8083,Montezuma County,25909
8085,Montrose County,41268
8087,Morgan County,28257
8089,Otero County,18325
8091,Ouray County,4722
8093,Park County,17392
8095,Phillips County,4318
8097,Pitkin County,17909
8099,Prowers County,12052
8101,Pueblo County,164685
8103,Rio Blanco County,6465
8105,Rio Grande County,11351
8107,Routt County,24874
8109,Saguache County,6468
8111,San Juan County,544
8113,San Miguel County,7968
8115,Sedgwick County,2350
8117,Summit County,30429
8119,Teller County,24113
8121,Washington County,4840
8123,Weld County,295123
8125,Yuma County,10069
9001,Fairfield County,944348
9003,Hartford County,894730
9005,Litchfield County,183031
9007,Middlesex County,163368
9009,New Haven County,859339
9011,New London County,268881
9013,Tolland County,151269
9015,Windham County,116538
10001,Kent County,174822
10003,New Castle County,555133
10005,Sussex County,219540
11001,District of Columbia,684498
12001,Alachua County,263148
12003,Baker County,27785
12005,Bay County,182482
12007,Bradford County,26979
12009,Brevard County,576808
12011,Broward County,1909151
12013,Calhoun County,14444
12015,Charlotte County,176954
12017,Citrus County,143087
12019,Clay County,207291
12021,Collier County,363922
12023,Columbia County,69105
12027,DeSoto County,36399
12029,Dixie County,16437
12031,Duval County,924229
12033,Escambia County,311522
12035,Flagler County,107139
12037,Franklin County,11736
12039,Gadsden County,46017
12041,Gilchrist County,17615
12043,Glades County,13363
12045,Gulf County,16055
12047,Hamilton County,14269
12049,Hardee County,27228
12051,Hendry County,40127
12053,Hernando County,182696
12055,Highlands County,102101
12057,Hillsborough County,1378883
12059,Holmes County,19430
12061,Indian River County,150984
12063,Jackson County,48472
12065,Jefferson County,14105
12067,Lafayette County,8744
12069,Lake County,335362
12071,Lee County,718679
12073,Leon County,288102
12075,Levy County,39961
12077,Liberty County,8365
12079,Madison County,18474
12081,Manatee County,373853
12083,Marion County,348371
12085,Martin County,157581
12086,Miami-Dade County,2715516
12087,Monroe County,76325
12089,Nassau County,80578
12091,Okaloosa County,200737
12093,Okeechobee County,40572
12095,Orange County,1321194
12097,Osceola County,338619
12099,Palm Beach County,1446277
12101,Pasco County,510593
12103,Pinellas County,957875
12105,Polk County,668671
12107,Putnam County,72766
12109,St. Johns County,235503
12111,St. Lucie County,305591
12113,Santa Rosa County,170442
12115,Sarasota County,412144
12117,Seminole County,455086
12119,Sumter County,120999
12121,Suwannee County,43924
12123,Taylor County,22098
12125,Union County,15239
12127,Volusia County,527634
12129,Wakulla County,31877
12131,Walton County,65858
12133,Washington County,24566
13001,Appling County,18454
13003,Atkinson County,8265
13005,Bacon County,11228
13007,Baker County,3189
13009,Baldwin County,45286
13011,Banks County,18510
13013,Barrow County,76887
13015,Bartow County,103620
13017,Ben Hill County,17154
13019,Berrien County,19025
13021,Bibb County,153490
13023,Bleckley County,12775
13025,Brantley County,18561
13027,Brooks County,15622
13029,Bryan County,35885
13031,Bulloch County,74782
13033,Burke County,22550
13035,Butts County,23750
13037,Calhoun County,6428
13039,Camden County,52714
13043,Candler County,10827
13045,Carroll County,116022
13047,Catoosa County,66299
13049,Charlton County,12983
13051,Chatham County,287049
13053,Chattahoochee County,10767
13055,Chattooga County,24817
13057,Cherokee County,241910
13059,Clarke County,124602
13061,Clay County,3001
13063,Clayton County,278666
13065,Clinch County,6743
13067,Cobb County,745057
13069,Coffee County,42961
13071,Colquitt County,45606
13073,Columbia County,147295
13075,Cook County,17184
13077,Coweta County,140516
13079,Crawford County,12344
13081,Crisp County,22846
13083,Dade County,16227
13085,Dawson County,23861
13087,Decatur County,26833
13089,DeKalb County,743187
13091,Dodge County,20919
13093,Dooly County,13905
13095,Dougherty County,91049
13097,Douglas County,141840
13099,Early County,10348
13101,Echols County,3994
13103,Effingham County,58689
13105,Elbert County,19212
13107,Emanuel County,22499
13109,Evans County,10727
13111,Fannin County,24925
13113,Fayette County,111369
13115,Floyd County,96824
13117,Forsyth County,219880
13119,Franklin County,22514
13121,Fulton County,1021902
13123,Gilmer County,29922
13125,Glascock County,3009
13127,Glynn County,83974
13129,Gordon County,56790
13131,Grady County,24926
13133,Greene County,16976
13135,Gwinnett County,902298
13137,Habersham County,44289
13139,Hall County,195961
13141,Hancock County,8535
13143,Haralson County,28956
13145,Harris County,33590
13147,Hart County,25631
13149,Heard County,11677
13151,Henry County,221307
13153,Houston County,151682
13155,Irwin County,9268
13157,Jackson County,65755
13159,Jasper County,13784
13161,Jeff Davis County,14991
13163,Jefferson County,15772
13165,Jenkins County,8827
13167,Johnson County,9730
13169,Jones County,28548
13171,Lamar County,18513
13173,Lanier County,10366
13175,Laurens County,47418
13177,Lee County,29348
13179,Liberty County,62108
13181,Lincoln County,7799
13183,Long County,18156
13185,Lowndes County,114582
13187,Lumpkin County,31951
13189,McDuffie County,21498
13191,McIntosh County,14120
13193,Macon County,13480
13195,Madison County,28900
13197,Marion County,8484
13199,Meriwether County,21113
13201,Miller County,5836
13205,Mitchell County,22432
13207,Monroe County,27010
13209,Montgomery County,9036
13211,Morgan County,18235
13213,Murray County,39557
13215,Muscogee County,196670
13217,Newton County,106497
13219,Oconee County,37017
13221,Oglethorpe County,14784
13223,Paulding County,155840
13225,Peach County,26966
13227,Pickens County,30832
13229,Pierce County,19164
13231,Pike County,18082
13233,Polk County,41621
13235,Pulaski County,11295
13237,Putnam County,21503
13239,Quitman County,2276
13241,Rabun County,16457
13243,Randolph County,7087
13245,Richmond County,201463
13247,Rockdale County,89011
13249,Schley County,5211
13251,Screven County,13990
13253,Seminole County,8437
13255,Spalding County,64719
13257,Stephens County,25676
13259,Stewart County,6042
13261,Sumter County,30352
13263,Talbot County,6378
13265,Taliaferro County,1665
13267,Tattnall County,25353
13269,Taylor County,8193
13271,Telfair County,16115
13273,Terrell County,8859
13275,Thomas County,44730
13277,Tift County,40510
13279,Toombs County,27048
13281,Towns County,11417
13283,Treutlen County,6777
13285,Troup County,69774
13287,Turner County,7962
13289,Twiggs County,8284
13291,Union County,22775
13293,Upson County,26216
13295,Walker County,68824
13297,Walton County,90132
13299,Ware County,35599
13301,Warren County,5346
13303,Washington County,20461
13305,Wayne County,29767
13307,Webster County,2613
13309,Wheeler County,7939
13311,White County,28928
13313,Whitfield County,103849
13315,Wilcox County,8846
13317,Wilkes County,9884
13319,Wilkinson County,9078
13321,Worth County,20656
15001,Hawaii County,197658
15003,Honolulu County,987638
15005,Kalawao County,75
15007,Kauai County,71377
15009,Maui County,165281
16001,Ada County,446052
16003,Adams County,4019
16005,Bannock County,85065
16007,Bear Lake County,5962
16009,Benewah County,9086
16011,Bingham County,45551
16013,Blaine County,21994
16015,Boise County,7163
16017,Bonner County,42711
16019,Bonneville County,112397
16021,Boundary County,11549
16023,Butte County,2602
16025,Camas County,886
16027,Canyon County,212230
16029,Caribou County,6918
16031,Cassia County,23615
16033,Clark County,1077
16035,Clearwater County,8640
16037,Custer County,4141
16039,Elmore County,26433
16041,Franklin County,13279
16043,Fremont County,12965
16045,Gem County,17052
16047,Gooding County,15169
16049,Idaho County,16337
16051,Jefferson County,27969
16053,Jerome County,23431
16055,Kootenai County,153605
16057,Latah County,39239
16059,Lemhi County,7798
16061,Lewis County,3845
16063,Lincoln County,5321
16065,Madison County,38705
16067,Minidoka County,20615
16069,Nez Perce County,40155
16071,Oneida County,4326
16073,Owyhee County,11455
16075,Payette County,23041
16077,Power County,7713
16079,Shoshone County,12526
16081,Teton County,11080
16083,Twin Falls County,83666
16085,Valley County,10401
16087,Washington County,10025
17001,Adams County,66427
17003,Alexander County,6532
17005,Bond County,16712
17007,Boone County,53606
17009,Brown County,6675
17011,Bureau County,33381
17013,Calhoun County,4858
17015,Carroll County,14562
17017,Cass County,12665
17019,Champaign County,209448
17021,Christian County,33231
17023,Clark County,15836
17025,Clay County,13338
17027,Clinton County,37628
17029,Coles County,51736
17031,Cook County,5223719
17033,Crawford County,19088
17035,Cumberland County,10865
17037,DeKalb County,104200
17039,De Witt County,16042
17041,Douglas County,19714
17043,DuPage County,931743
17045,Edgar County,17539
17047,Edwards County,6507
17049,Effingham County,34174
17051,Fayette County,21724
17053,Ford County,13398
17055,Franklin County,39127
17057,Fulton County,35418
17059,Gallatin County,5157
17061,Greene County,13218
17063,Grundy County,50509
17065,Hamilton County,8221
17067,Hancock County,18112
17069,Hardin County,4009
17071,Henderson County,6884
17073,Henry County,49464
17075,Iroquois County,28169
17077,Jackson County,58551
17079,Jasper County,9598
17081,Jefferson County,38169
17083,Jersey County,22069
17085,Jo Daviess County,21834
17087,Johnson County,12602
17089,Kane County,530839
17091,Kankakee County,111061
17093,Kendall County,124626
17095,Knox County,50999
17097,Lake County,703619
17099,LaSalle County,110401
17101,Lawrence County,16189
17103,Lee County,34527
17105,Livingston County,36324
17107,Logan County,29207
17109,McDonough County,30875
17111,McHenry County,307789
17113,McLean County,173219
17115,Macon County,106512
17117,Macoupin County,45719
17119,Madison County,265670
17121,Marion County,38084
17123,Marshall County,11794
17125,Mason County,13778
17127,Massac County,14430
17129,Menard County,12367
17131,Mercer County,15693
17133,Monroe County,33936
17135,Montgomery County,29009
17137,Morgan County,34426
17139,Moultrie County,14703
17141,Ogle County,51328
17143,Peoria County,184463
17145,Perry County,21384
17147,Piatt County,16427
17149,Pike County,15754
17151,Pope County,4249
17153,Pulaski County,5611
17155,Putnam County,5746
17157,Randolph County,32546
17159,Richland County,15881
17161,Rock Island County,145275
17163,St. Clair County,263463
17165,Saline County,24231
17167,Sangamon County,197661
17169,Schuyler County,7064
17171,Scott County,5047
17173,Shelby County,21832
17175,Stark County,5500
17177,Stephenson County,45433
17179,Tazewell County,133852
17181,Union County,17127
17183,Vermilion County,78407
17185,Wabash County,11573
17187,Warren County,17338
17189,Washington County,14155
17191,Wayne County,16487
17193,White County,14025
17195,Whiteside County,56396
17197,Will County,688697
17199,Williamson County,67299
17201,Winnebago County,286174
17203,Woodford County,38817
18001,Adams County,35195
18003,Allen County,370016
18005,Bartholomew County,81893
18007,Benton County,8667
18009,Blackford County,12129
18011,Boone County,64321
18013,Brown County,15034
18015,Carroll County,19994
18017,Cass County,38084
18019,Clark County,115702
18021,Clay County,26268
18023,Clinton County,32301
18025,Crawford County,10581
18027,Daviess County,32937
18029,Dearborn County,49501
18031,Decatur County,26552
18033,DeKalb County,42704
18035,Delaware County,115616
18037,Dubois County,42418
18039,Elkhart County,203604
18041,Fayette County,23259
18043,Floyd County,76809
18045,Fountain County,16486
18047,Franklin County,22842
18049,Fulton County,20212
18051,Gibson County,33596
18053,Grant County,66944
18055,Greene County,32295
18057,Hamilton County,316095
18059,Hancock County,73830
18061,Harrison County,39712
18063,Hendricks County,160940
18065,Henry County,48483
18067,Howard County,82387
18069,Huntington County,36378
18071,Jackson County,43938
18073,Jasper County,33449
18075,Jay County,20993
18077,Jefferson County,32237
18079,Jennings County,27727
18081,Johnson County,151564
18083,Knox County,37409
18085,Kosciusko County,78806
18087,LaGrange County,38942
18089,Lake County,486849
18091,LaPorte County,110552
18093,Lawrence County,45619
18095,Madison County,129505
18097,Marion County,944523
18099,Marshall County,46595
18101,Martin County,10210
18103,Miami County,35901
18105,Monroe County,145403
18107,Montgomery County,38276
18109,Morgan County,69727
18111,Newton County,14018
18113,Noble County,47451
18115,Ohio County,5887
18117,Orange County,19547
18119,Owen County,20878
18121,Parke County,16996
18123,Perry County,19141
18125,Pike County,12411
18127,Porter County,168041
18129,Posey County,25589
18131,Pulaski County,12660
18133,Putnam County,37559
18135,Randolph County,25076
18137,Ripley County,28425
18139,Rush County,16704
18141,St. Joseph County,269240
18143,Scott County,23743
18145,Shelby County,44399
18147,Spencer County,20526
18149,Starke County,22941
18151,Steuben County,34474
18153,Sullivan County,20792
18155,Switzerland County,10628
18157,Tippecanoe County,189294
18159,Tipton County,15218
18161,Union County,7153
18163,Vanderburgh County,181313
18165,Vermillion County,15560
18167,Vigo County,107693
18169,Wabash County,31631
18171,Warren County,8247
18173,Warrick County,61928
18175,Washington County,27827
18177,Wayne County,66613
18179,Wells County,27947
18181,White County,24217
18183,Whitley County,33649
19001,Adair County,7124
19003,Adams County,3726
19005,Allamakee County,13880
19007,Appanoose County,12510
19009,Audubon County,5637
19011,Benton County,25626
19013,Black Hawk County,133009
19015,Boone County,26399
19017,Bremer County,24782
19019,Buchanan County,21125
19021,Buena Vista County,20260
19023,Butler County,14735
19025,Calhoun County,9780
19027,Carroll County,20344
19029,Cass County,13191
19031,Cedar County,18445
19033,Cerro Gordo County,42984
19035,Cherokee County,11468
19037,Chickasaw County,12099
19039,Clarke County,9282
19041,Clay County,16313
19043,Clayton County,17672
19045,Clinton County,47218
19047,Crawford County,17132
19049,Dallas County,84002
19051,Davis County,8885
19053,Decatur County,8044
19055,Delaware County,17258
19057,Des Moines County,39600
19059,Dickinson County,17056
19061,Dubuque County,96802
19063,Emmet County,9551
19065,Fayette County,19929
19067,Floyd County,15858
19069,Franklin County,10245
19071,Fremont County,6968
19073,Greene County,9003
19075,Grundy County,12341
19077,Guthrie County,10674
19079,Hamilton County,15110
19081,Hancock County,10888
19083,Hardin County,17127
19085,Harrison County,14143
19087,Henry County,19926
19089,Howard County,9264
19091,Humboldt County,9566
19093,Ida County,6916
19095,Iowa County,16207
19097,Jackson County,19395
19099,Jasper County,36891
19101,Jefferson County,18077
19103,Johnson County,147001
19105,Jones County,20568
19107,Keokuk County,10200
19109,Kossuth County,15075
19111,Lee County,34541
19113,Linn County,222121
19115,Louisa County,11223
19117,Lucas County,8597
19119,Lyon County,11769
19121,Madison County,15890
19123,Mahaska County,22208
19125,Marion County,33207
19127,Marshall County,40271
19129,Mills County,14957
19131,Mitchell County,10631
19133,Monona County,8796
19135,Monroe County,7863
19137,Montgomery County,10155
19139,Muscatine County,42950
19141,O'Brien County,13911
19143,Osceola County,6115
19145,Page County,15363
19147,Palo Alto County,9055
19149,Plymouth County,25039
19151,Pocahontas County,6898
19153,Polk County,474274
19155,Pottawattamie County,93503
19157,Poweshiek County,18605
19159,Ringgold County,4984
19161,Sac County,9868
19163,Scott County,172288
19165,Shelby County,11694
19167,Sioux County,34825
19169,Story County,96922
19171,Tama County,17136
19173,Taylor County,6201
19175,Union County,12453
19177,Van Buren County,7223
19179,Wapello County,35315
19181,Warren County,49361
19183,Washington County,22143
19185,Wayne County,6413
19187,Webster County,36757
19189,Winnebago County,10571
19191,Winneshiek County,20401
19193,Woodbury County,102398
19195,Worth County,7489
19197,Wright County,12804
20001,Allen County,12630
20003,Anderson County,7852
20005,Atchison County,16363
20007,Barber County,4733
20009,Barton County,26791
20011,Bourbon County,14702
20013,Brown County,9664
20015,Butler County,66468
20017,Chase County,2645
20019,Chautauqua County,3367
20021,Cherokee County,20331
20023,Cheyenne County,2677
20025,Clark County,2053
20027,Clay County,8142
20029,Cloud County,9060
20031,Coffey County,8296
20033,Comanche County,1780
20035,Cowley County,35591
20037,Crawford County,39108
20039,Decatur County,2881
20041,Dickinson County,19004
20043,Doniphan County,7736
20045,Douglas County,119319
20047,Edwards County,2925
20049,Elk County,2562
20051,Ellis County,28878
20053,Ellsworth County,6293
20055,Finney County,36957
20057,Ford County,34484
20059,Franklin County,25563
20061,Geary County,34895
20063,Gove County,2619
20065,Graham County,2545
20067,Grant County,7616
20069,Gray County,6037
20071,Greeley County,1200
20073,Greenwood County,6156
20075,Hamilton County,2616
20077,Harper County,5673
20079,Harvey County,34555
20081,Haskell County,4047
20083,Hodgeman County,1842
20085,Jackson County,13318
20087,Jefferson County,18888
20089,Jewell County,2916
20091,Johnson County,585502
20093,Kearny County,3932
20095,Kingman County,7470
20097,Kiowa County,2526
20099,Labette County,20367
20101,Lane County,1642
20103,Leavenworth County,80042
20105,Lincoln County,3097
20107,Linn County,9635
20109,Logan County,2810
20111,Lyon County,33299
20113,McPherson County,28630
20115,Marion County,12032
20117,Marshall County,9798
20119,Meade County,4261
20121,Miami County,33127
20123,Mitchell County,6222
20125,Montgomery County,32970
20127,Morris County,5566
20129,Morton County,2838
20131,Nemaha County,10104
20133,Neosho County,16125
20135,Ness County,2955
20137,Norton County,5486
20139,Osage County,15882
20141,Osborne County,3603
20143,Ottawa County,5902
20145,Pawnee County,6709
20147,Phillips County,5408
20149,Pottawatomie County,23545
20151,Pratt County,9582
20153,Rawlins County,2509
20155,Reno County,63101
20157,Republic County,4686
20159,Rice County,9762
20161,Riley County,75296
20163,Rooks County,5118
20165,Rush County,3102
20167,Russell County,6977
20169,Saline County,54977
20171,Scott County,4949
20173,Sedgwick County,512064
20175,Seward County,22692
20177,Shawnee County,178284
20179,Sheridan County,2506
20181,Sherman County,5966
20183,Smith County,3663
20185,Stafford County,4214
20187,Stanton County,2063
20189,Stevens County,5686
20191,Sumner County,23208
20193,Thomas County,7824
20195,Trego County,2858
20197,Wabaunsee County,6888
20199,Wallace County,1575
20201,Washington County,5525
20203,Wichita County,2143
20205,Wilson County,8780
20207,Woodson County,3170
20209,Wyandotte County,164345
21001,Adair County,19241
21003,Allen County,20794
21005,Anderson County,22214
21007,Ballard County,8090
21009,Barren County,43680
21011,Bath County,12268
21013,Bell County,27188
21015,Boone County,129095
21017,Bourbon County,20144
21019,Boyd County,48091
21021,Boyle County,29913
21023,Bracken County,8306
21025,Breathitt County,13116
21027,Breckinridge County,20080
21029,Bullitt County,79466
21031,Butler County,12745
21033,Caldwell County,12727
21035,Calloway County,38776
21037,Campbell County,92267
21039,Carlisle County,4841
21041,Carroll County,10711
21043,Carter County,27290
21045,Casey County,15796
21047,Christian County,72263
21049,Clark County,35872
21051,Clay County,20621
21053,Clinton County,10211
21055,Crittenden County,9083
21057,Cumberland County,6713
21059,Daviess County,99937
21061,Edmonson County,12122
21063,Elliott County,7517
21065,Estill County,14313
21067,Fayette County,318734
21069,Fleming County,14479
21071,Floyd County,36926
21073,Franklin County,50296
21075,Fulton County,6210
21077,Gallatin County,8703
21079,Garrard County,17328
21081,Grant County,24915
21083,Graves County,37294
21085,Grayson County,26178
21087,Green County,11023
21089,Greenup County,35765
21091,Hancock County,8719
21093,Hardin County,108095
21095,Harlan County,27134
21097,Harrison County,18668
21099,Hart County,18627
21101,Henderson County,46137
21103,Henry County,15814
21105,Hickman County,4568
21107,Hopkins County,45664
21109,Jackson County,13373
21111,Jefferson County,767154
21113,Jessamine County,52422
21115,Johnson County,22843
21117,Kenton County,164688
21119,Knott County,15513
21121,Knox County,31467
21123,Larue County,14156
21125,Laurel County,60180
21127,Lawrence County,15783
21129,Lee County,6751
21131,Leslie County,10472
21133,Letcher County,22676
21135,Lewis County,13490
21137,Lincoln County,24458
21139,Livingston County,9263
21141,Logan County,26849
21143,Lyon County,8186
21145,McCracken County,65284
21147,McCreary County,17635
21149,McLean County,9331
21151,Madison County,89700
21153,Magoffin County,12666
21155,Marion County,19232
21157,Marshall County,31166
21159,Martin County,11919
21161,Mason County,17153
21163,Meade County,28326
21165,Menifee County,6405
21167,Mercer County,21516
21169,Metcalfe County,10004
21171,Monroe County,10634
21173,Montgomery County,27759
21175,Morgan County,13285
21177,Muhlenberg County,31081
21179,Nelson County,45388
21181,Nicholas County,7100
21183,Ohio County,24071
21185,Oldham County,65374
21187,Owen County,10741
21189,Owsley County,4463
21191,Pendleton County,14520
21193,Perry County,26917
21195,Pike County,60483
21197,Powell County,12321
21199,Pulaski County,64145
21201,Robertson County,2143
21203,Rockcastle County,16827
21205,Rowan County,24499
21207,Russell County,17760
21209,Scott County,53517
21211,Shelby County,46786
21213,Simpson County,18063
21215,Spencer County,18246
21217,Taylor County,25500
21219,Todd County,12350
21221,Trigg County,14344
21223,Trimble County,8637
21225,Union County,14802
21227,Warren County,126427
21229,Washington County,12019
21231,Wayne County,20609
21233,Webster County,13155
21235,Whitley County,36089
21237,Wolfe County,7223
21239,Woodford County,26097
22001,Acadia Parish,62568
22003,Allen Parish,25661
22005,Ascension Parish,121176
22007,Assumption Parish,22714
22009,Avoyelles Parish,40882
22011,Beauregard Parish,36769
22013,Bienville Parish,13668
22015,Bossier Parish,126131
22017,Caddo Parish,248361
22019,Calcasieu Parish,200182
22021,Caldwell Parish,9996
22023,Cameron Parish,6868
22025,Catahoula Parish,9893
22027,Claiborne Parish,16153
22029,Concordia Parish,20021
22031,De Soto Parish,27216
22033,East Baton Rouge Parish,444094
22035,East Carroll Parish,7225
22037,East Feliciana Parish,19499
22039,Evangeline Parish,33636
22041,Franklin Parish,20322
22043,Grant Parish,22348
22045,Iberia Parish,72691
22047,Iberville Parish,32956
22049,Jackson Parish,15926
22051,Jefferson Parish,435300
22053,Jefferson Davis Parish,31467
22055,Lafayette Parish,240091
22057,Lafourche Parish,98214
22059,LaSalle Parish,14949
22061,Lincoln Parish,47356
22063,Livingston Parish,138111
22065,Madison Parish,11472
22067,Morehouse Parish,25992
22069,Natchitoches Parish,38963
22071,Orleans Parish,389648
22073,Ouachita Parish,156075
22075,Plaquemines Parish,23373
22077,Pointe Coupee Parish,22158
22079,Rapides Parish,131546
22081,Red River Parish,8618
22083,Richland Parish,20474
22085,Sabine Parish,24088
22087,St. Bernard Parish,45694
22089,St. Charles Parish,52724
22091,St. Helena Parish,10411
22093,St. James Parish,21357
22095,St. John the Baptist Parish,43446
22097,St. Landry Parish,83449
22099,St. Martin Parish,53752
22101,St. Mary Parish,51734
22103,St. Tammany Parish,252093
22105,Tangipahoa Parish,130504
22107,Tensas Parish,4666
22109,Terrebonne Parish,112587
22111,Union Parish,22475
22113,Vermilion Parish,59867
22115,Vernon Parish,51007
22117,Washington Parish,46457
22119,Webster Parish,39631
22121,West Baton Rouge Parish,25860
22123,West Carroll Parish,11180
22125,West Feliciana Parish,15377
22127,Winn Parish,14494
23001,Androscoggin County,107444
23003,Aroostook County,68269
23005,Cumberland County,290944
23007,Franklin County,30019
23009,Hancock County,54541
23011,Kennebec County,121545
23013,Knox County,39823
23015,Lincoln County,34067
23017,Oxford County,57325
23019,Penobscot County,151748
23021,Piscataquis County,16887
23023,Sagadahoc County,35277
23025,Somerset County,50710
23027,Waldo County,39418
23029,Washington County,31694
23031,York County,203102
24001,Allegany County,71977
24003,Anne Arundel County,567696
24005,Baltimore County,827625
24009,Calvert County,91082
24011,Caroline County,32875
24013,Carroll County,167522
24015,Cecil County,102517
24017,Charles County,157671
24019,Dorchester County,32261
24021,Frederick County,248472
24023,Garrett County,29376
24025,Harford County,251025
24027,Howard County,315327
24029,Kent County,19593
24031,Montgomery County,1040133
24033,Prince George's County,906202
24035,Queen Anne's County,49355
24037,St. Mary's County,111531
24039,Somerset County,25737
24041,Talbot County,37211
24043,Washington County,149811
24045,Wicomico County,102172
24047,Worcester County,51564
24510,Baltimore city,614700
25001,Barnstable County,213690
25003,Berkshire County,127328
25005,Bristol County,558905
25007,Dukes County,17313
25009,Essex County,781024
25011,Franklin County,70935
25013,Hampden County,469116
25015,Hampshire County,161159
25017,Middlesex County,1595192
25019,Nantucket County,11101
25021,Norfolk County,698249
25023,Plymouth County,512135
25025,Suffolk County,791766
25027,Worcester County,822280
26001,Alcona County,10364
26003,Alger County,9194
26005,Allegan County,115250
26007,Alpena County,28612
26009,Antrim County,23177
26011,Arenac County,15165
26013,Baraga County,8507
26015,Barry County,60057
26017,Bay County,104786
26019,Benzie County,17552
26021,Berrien County,154807
26023,Branch County,43584
26025,Calhoun County,134473
26027,Cass County,51460
26029,Charlevoix County,26219
26031,Cheboygan County,25458
26033,Chippewa County,37834
26035,Clare County,30616
26037,Clinton County,77896
26039,Crawford County,13836
26041,Delta County,36190
26043,Dickinson County,25570
26045,Eaton County,109155
26047,Emmet County,33039
26049,Genesee County,409361
26051,Gladwin County,25289
26053,Gogebic County,15414
26055,Grand Traverse County,91746
26057,Gratiot County,41067
26059,Hillsdale County,45830
26061,Houghton County,36360
26063,Huron County,31543
26065,Ingham County,289564
26067,Ionia County,64176
26069,Iosco County,25247
26071,Iron County,11212
26073,Isabella County,70775
26075,Jackson County,158913
26077,Kalamazoo County,261573
26079,Kalkaska County,17463
26081,Kent County,643140
26083,Keweenaw County,2130
26085,Lake County,11763
26087,Lapeer County,88202
26089,Leelanau County,21639
26091,Lenawee County,98474
26093,Livingston County,188482
26095,Luce County,6364
26097,Mackinac County,10817
26099,Macomb County,868704
26101,Manistee County,24444
26103,Marquette County,66939
26105,Mason County,28884
26107,Mecosta County,43264
26109,Menominee County,23234
26111,Midland County,83389
26113,Missaukee County,15006
26115,Monroe County,149699
26117,Montcalm County,63209
26119,Montmorency County,9261
26121,Muskegon County,173043
26123,Newaygo County,48142
26125,Oakland County,1250843
26127,Oceana County,26417
26129,Ogemaw County,20928
26131,Ontonagon County,5968
26133,Osceola County,23232
26135,Oscoda County,8277
26137,Otsego County,24397
26139,Ottawa County,284034
26141,Presque Isle County,12797
26143,Roscommon County,23877
26145,Saginaw County,192778
26147,St. Clair County,159566
26149,St. Joseph County,60897
26151,Sanilac County,41376
26153,Schoolcraft County,8069
26155,Shiawassee County,68493
26157,Tuscola County,53250
26159,Van Buren County,75272
26161,Washtenaw County,365961
26163,Wayne County,1761382
26165,Wexford County,33111
27001,Aitkin County,15834
27003,Anoka County,347431
27005,Becker County,33773
27007,Beltrami County,46117
27009,Benton County,39779
27011,Big Stone County,5016
27013,Blue Earth County,66322
27015,Brown County,25211
27017,Carlton County,35540
27019,Carver County,100416
27021,Cass County,29022
27023,Chippewa County,12010
27025,Chisago County,54727
27027,Clay County,62801
27029,Clearwater County,8812
27031,Cook County,5311
27033,Cottonwood County,11372
27035,Crow Wing County,63855
27037,Dakota County,418201
27039,Dodge County,20582
27041,Douglas County,37203
27043,Faribault County,13896
27045,Fillmore County,20888
27047,Freeborn County,30526
27049,Goodhue County,46217
27051,Grant County,5938
27053,Hennepin County,1235478
27055,Houston County,18663
27057,Hubbard County,20862
27059,Isanti County,38974
27061,Itasca County,45203
27063,Jackson County,10047
27065,Kanabec County,16004
27067,Kandiyohi County,42658
27069,Kittson County,4337
27071,Koochiching County,12644
27073,Lac qui Parle County,6773
27075,Lake County,10569
27077,Lake of the Woods County,3809
27079,Le Sueur County,27983
27081,Lincoln County,5707
27083,Lyon County,25839
27085,McLeod County,35825
27087,Mahnomen County,5506
27089,Marshall County,9392
27091,Martin County,19964
27093,Meeker County,23079
27095,Mille Lacs County,25728
27097,Morrison County,32949
27099,Mower County,39602
27101,Murray County,8353
27103,Nicollet County,33783
27105,Nobles County,21839
27107,Norman County,6559
27109,Olmsted County,153065
27111,Otter Tail County,57992
27113,Pennington County,14184
27115,Pine County,29129
27117,Pipestone County,9185
27119,Polk County,31591
27121,Pope County,10980
27123,Ramsey County,541493
27125,Red Lake County,4008
27127,Redwood County,15331
27129,Renville County,14721
27131,Rice County,65765
27133,Rock County,9413
27135,Roseau County,15462
27137,St. Louis County,200080
27139,Scott County,143372
27141,Sherburne County,93231
27143,Sibley County,14912
27145,Stearns County,156819
27147,Steele County,36676
27149,Stevens County,9784
27151,Swift County,9411
27153,Todd County,24440
27155,Traverse County,3337
27157,Wabasha County,21500
27159,Wadena County,13646
27161,Waseca County,18809
27163,Washington County,253317
27165,Watonwan County,10973
27167,Wilkin County,6343
27169,Winona County,50847
27171,Wright County,132745
27173,Yellow Medicine County,9868
28001,Adams County,31547
28003,Alcorn County,37180
28005,Amite County,12468
28007,Attala County,18581
28009,Benton County,8253
28011,Bolivar County,32592
28013,Calhoun County,14571
28015,Carroll County,10129
28017,Chickasaw County,17279
28019,Choctaw County,8321
28021,Claiborne County,9120
28023,Clarke County,15928
28025,Clay County,19808
28027,Coahoma County,23802
28029,Copiah County,28721
28031,Covington County,19091
28033,DeSoto County,176132
28035,Forrest County,75517
28037,Franklin County,7757
28039,George County,23710
28041,Greene County,13714
28043,Grenada County,21278
28045,Hancock County,46653
28047,Harrison County,202626
28049,Hinds County,241774
28051,Holmes County,18075
28053,Humphreys County,8539
28055,Issaquena County,1328
28057,Itawamba County,23480
28059,Jackson County,142014
28061,Jasper County,16529
28063,Jefferson County,7346
28065,Jefferson Davis County,11495
28067,Jones County,68454
28069,Kemper County,10107
28071,Lafayette County,53459
28073,Lamar County,61223
28075,Lauderdale County,77323
28077,Lawrence County,12630
28079,Leake County,22870
28081,Lee County,84915
28083,Leflore County,29804
28085,Lincoln County,34432
28087,Lowndes County,59437
28089,Madison County,103498
28091,Marion County,25202
28093,Marshall County,35787
28095,Monroe County,35840
28097,Montgomery County,10198
28099,Neshoba County,29376
28101,Newton County,21524
28103,Noxubee County,10828
28105,Oktibbeha County,49481
28107,Panola County,34243
28109,Pearl River County,55149
28111,Perry County,12028
28113,Pike County,39737
28115,Pontotoc County,31315
28117,Prentiss County,25360
28119,Quitman County,7372
28121,Rankin County,151240
28123,Scott County,28415
28125,Sharkey County,4511
28127,Simpson County,27073
28129,Smith County,16063
28131,Stone County,18375
28133,Sunflower County,26532
28135,Tallahatchie County,14361
28137,Tate County,28493
28139,Tippah County,21990
28141,Tishomingo County,19478
28143,Tunica County,10170
28145,Union County,28356
28147,Walthall County,14601
28149,Warren County,47075
28151,Washington County,47086
28153,Wayne County,20422
28155,Webster County,9828
28157,Wilkinson County,8990
28159,Winston County,18358
28161,Yalobusha County,12421
28163,Yazoo County,27974
29001,Adair County,25325
29003,Andrew County,17403
29005,Atchison County,5270
29007,Audrain County,25735
29009,Barry County,35493
29011,Barton County,11850
29013,Bates County,16374
29015,Benton County,18989
29017,Bollinger County,12281
29019,Boone County,176515
29021,Buchanan County,89076
29023,Butler County,42733
29025,Caldwell County,9049
29027,Callaway County,44840
29029,Camden County,45096
29031,Cape Girardeau County,78324
29033,Carroll County,8843
29035,Carter County,6197
29037,Cass County,102678
29039,Cedar County,13938
29041,Chariton County,7546
29043,Christian County,84275
29045,Clark County,6800
29047,Clay County,239164
29049,Clinton County,20475
29051,Cole County,76740
29053,Cooper County,17622
29055,Crawford County,24280
29057,Dade County,7590
29059,Dallas County,16499
29061,Daviess County,8302
29063,DeKalb County,12564
29065,Dent County,15504
29067,Douglas County,13374
29069,Dunklin County,30428
29071,Franklin County,102781
29073,Gasconade County,14746
29075,Gentry County,6665
29077,Greene County,288429
29079,Grundy County,10039
29081,Harrison County,8554
29083,Henry County,21765
29085,Hickory County,9368
29087,Holt County,4456
29089,Howard County,10113
29091,Howell County,40102
29093,Iron County,10221
29095,Jackson County,692003
29097,Jasper County,119238
29099,Jefferson County,223302
29101,Johnson County,53689
29103,Knox County,3951
29105,Laclede County,35507
29107,Lafayette County,32589
29109,Lawrence County,38133
29111,Lewis County,10027
29113,Lincoln County,55563
29115,Linn County,12186
29117,Livingston County,15076
29119,McDonald County,22827
29121,Macon County,15254
29123,Madison County,12205
29125,Maries County,8884
29127,Marion County,28672
29129,Mercer County,3664
29131,Miller County,25049
29133,Mississippi County,13748
29135,Moniteau County,15958
29137,Monroe County,8654
29139,Montgomery County,11545
29141,Morgan County,20137
29143,New Madrid County,17811
29145,Newton County,58202
29147,Nodaway County,22547
29149,Oregon County,10699
29151,Osage County,13619
29153,Ozark County,9236
29155,Pemiscot County,17031
29157,Perry County,19146
29159,Pettis County,42371
29161,Phelps County,44789
29163,Pike County,18489
29165,Platte County,98824
29167,Polk County,31549
29169,Pulaski County,52591
29171,Putnam County,4815
29173,Ralls County,10217
29175,Randolph County,24945
29177,Ray County,22825
29179,Reynolds County,6315
29181,Ripley County,13693
29183,St. Charles County,389985
29185,St. Clair County,9383
29186,Ste. Genevieve County,17871
29187,St. Francois County,66342
29189,St. Louis County,998684
29195,Saline County,23102
29197,Schuyler County,4502
29199,Scotland County,4898
29201,Scott County,38729
29203,Shannon County,8246
29205,Shelby County,6061
29207,Stoddard County,29512
29209,Stone County,31527
29211,Sullivan County,6317
29213,Taney County,54720
29215,Texas County,25671
29217,Vernon County,20691
29219,Warren County,33908
29221,Washington County,24931
29223,Wayne County,13308
29225,Webster County,38082
29227,Worth County,2040
29229,Wright County,18293
29510,St. Louis city,311273
30001,Beaverhead County,9393
30003,Big Horn County,13376
30005,Blaine County,6727
30007,Broadwater County,5834
30009,Carbon County,10546
30011,Carter County,1318
30013,Cascade County,81746
30015,Chouteau County,5789
30017,Custer County,11845
30019,Daniels County,1753
30021,Dawson County,9191
30023,Deer Lodge County,9100
30025,Fallon County,2838
30027,Fergus County,11273
30029,Flathead County,98082
30031,Gallatin County,104729
30033,Garfield County,1141
30035,Glacier County,13699
30037,Golden Valley County,724
30039,Granite County,3269
30041,Hill County,16439
30043,Jefferson County,11778
30045,Judith Basin County,1951
30047,Lake County,29774
30049,Lewis and Clark County,67077
30051,Liberty County,2280
30053,Lincoln County,19358
30055,McCone County,1630
30057,Madison County,8218
30059,Meagher County,1968
30061,Mineral County,4211
30063,Missoula County,115983
30065,Musselshell County,4807
30067,Park County,16246
30069,Petroleum County,432
30071,Phillips County,4124
30073,Pondera County,6044
30075,Powder River County,1619
30077,Powell County,6861
30079,Prairie County,1342
30081,Ravalli County,41902
30083,Richland County,11360
30085,Roosevelt County,11228
30087,Rosebud County,9250
30089,Sanders County,11521
30091,Sheridan County,3574
30093,Silver Bow County,34814
30095,Stillwater County,9410
30097,Sweet Grass County,3653
30099,Teton County,6080
30101,Toole County,4976
30103,Treasure County,777
30105,Valley County,7532
30107,Wheatland County,2149
30109,Wibaux County,1175
30111,Yellowstone County,157816
31001,Adams County,31583
31003,Antelope County,6372
31005,Arthur County,418
31007,Banner County,696
31009,Blaine County,480
31011,Boone County,5313
31013,Box Butte County,11089
31015,Boyd County,2042
31017,Brown County,2988
31019,Buffalo County,49030
31021,Burt County,6528
31023,Butler County,8067
31025,Cass County,25702
31027,Cedar County,8523
31029,Chase County,3734
31031,Cherry County,5790
31033,Cheyenne County,9852
31035,Clay County,6232
31037,Colfax County,10760
31039,Cuming County,8991
31041,Custer County,10830
31043,Dakota County,20317
31045,Dawes County,8896
31047,Dawson County,23804
31049,Deuel County,1894
31051,Dixon County,5746
31053,Dodge County,36683
31055,Douglas County,554992
31057,Dundy County,2023
31059,Fillmore County,5574
31061,Franklin County,3006
31063,Frontier County,2609
31065,Furnas County,4786
31067,Gage County,21595
31069,Garden County,1860
31071,Garfield County,1975
31073,Gosper County,2015
31075,Grant County,718
31077,Greeley County,2410
31079,Hall County,61343
31081,Hamilton County,9178
31083,Harlan County,3438
31085,Hayes County,943
31087,Hitchcock County,2843
31089,Holt County,10245
31091,Hooker County,691
31093,Howard County,6405
31095,Jefferson County,7188
31097,Johnson County,5197
31099,Kearney County,6552
31101,Keith County,8099
31103,Keya Paha County,792
31105,Kimball County,3667
31107,Knox County,8460
31109,Lancaster County,310094
31111,Lincoln County,35433
31113,Logan County,886
31115,Loup County,585
31117,McPherson County,454
31119,Madison County,35164
31121,Merrick County,7803
31123,Morrill County,4841
31125,Nance County,3554
31127,Nemaha County,7004
31129,Nuckolls County,4275
31131,Otoe County,15896
31133,Pawnee County,2676
31135,Perkins County,2907
31137,Phelps County,9120
31139,Pierce County,7157
31141,Platte County,33063
31143,Polk County,5255
31145,Red Willow County,10806
31147,Richardson County,8009
31149,Rock County,1350
31151,Saline County,14288
31153,Sarpy County,178351
31155,Saunders County,21024
31157,Scotts Bluff County,36255
31159,Seward County,17127
31161,Sheridan County,5234
31163,Sherman County,3042
31165,Sioux County,1266
31167,Stanton County,5992
31169,Thayer County,5098
31171,Thomas County,645
31173,Thurston County,7140
31175,Valley County,4224
31177,Washington County,20219
31179,Wayne County,9367
31181,Webster County,3571
31183,Wheeler County,822
31185,York County,13799
32001,Churchill County,24010
32003,Clark County,2141574
32005,Douglas County,47828
32007,Elko County,52252
32009,Esmeralda County,981
32011,Eureka County,1830
32013,Humboldt County,16904
32015,Lander County,5746
32017,Lincoln County,5174
32019,Lyon County,53155
32021,Mineral County,4448
32023,Nye County,43705
32027,Pershing County,6611
32029,Storey County,3941
32031,Washoe County,450486
32033,White Pine County,9737
32510,Carson City,54467
33001,Belknap County,60640
33003,Carroll County,47840
33005,Cheshire County,76263
33007,Coos County,32038
33009,Grafton County,89811
33011,Hillsborough County,411087
33013,Merrimack County,149452
33015,Rockingham County,305129
33017,Strafford County,128237
33019,Sullivan County,43125
34001,Atlantic County,268539
34003,Bergen County,929999
34005,Burlington County,446367
34007,Camden County,507367
34009,Cape May County,93705
34011,Cumberland County,153400
34013,Essex County,793555
34015,Gloucester County,290852
34017,Hudson County,668631
34019,Hunterdon County,125051
34021,Mercer County,368762
34023,Middlesex County,826698
34025,Monmouth County,623387
34027,Morris County,494383
34029,Ocean County,591939
34031,Passaic County,504041
34033,Salem County,63336
34035,Somerset County,330176
34037,Sussex County,142298
34039,Union County,553066
34041,Warren County,106293
35001,Bernalillo County,677692
35003,Catron County,3539
35005,Chaves County,65459
35006,Cibola County,26978
35007,Colfax County,12353
35009,Curry County,50199
35011,De Baca County,2060
35013,Doa Ana County,215338
35015,Eddy County,57437
35017,Grant County,28061
35019,Guadalupe County,4382
35021,Harding County,459
35023,Hidalgo County,4371
35025,Lea County,70126
35027,Lincoln County,19482
35028,Los Alamos County,18356
35029,Luna County,24264
35031,McKinley County,72849
35033,Mora County,4563
35035,Otero County,65745
35037,Quay County,8373
35039,Rio Arriba County,39307
35041,Roosevelt County,19117
35043,Sandoval County,140769
35045,San Juan County,127455
35047,San Miguel County,28034
35049,Santa Fe County,148917
35051,Sierra County,11135
35053,Socorro County,17000
35055,Taos County,32888
35057,Torrance County,15595
35059,Union County,4175
35061,Valencia County,75956
36001,Albany County,307426
36003,Allegany County,47025
36005,Bronx County,1437872
36007,Broome County,194402
36009,Cattaraugus County,77686
36011,Cayuga County,77868
36013,Chautauqua County,129656
36015,Chemung County,85740
36017,Chenango County,48348
36019,Clinton County,80794
36021,Columbia County,60919
36023,Cortland County,48123
36025,Delaware County,45502
36027,Dutchess County,293894
36029,Erie County,919866
36031,Essex County,37751
36033,Franklin County,50692
36035,Fulton County,53743
36037,Genesee County,58112
36039,Greene County,47617
36041,Hamilton County,4575
36043,Herkimer County,62505
36045,Jefferson County,114448
36047,Kings County,2600747
36049,Lewis County,26719
36051,Livingston County,63907
36053,Madison County,71359
36055,Monroe County,744248
36057,Montgomery County,49426
36059,Nassau County,1356564
36061,New York County,1632480
36063,Niagara County,211704
36065,Oneida County,230782
36067,Onondaga County,464242
36069,Ontario County,109472
36071,Orange County,378227
36073,Orleans County,41175
36075,Oswego County,119104
36077,Otsego County,60244
36079,Putnam County,99070
36081,Queens County,2298513
36083,Rensselaer County,159431
36085,Richmond County,474101
36087,Rockland County,323686
36089,St. Lawrence County,109558
36091,Saratoga County,227377
36093,Schenectady County,154883
36095,Schoharie County,31364
36097,Schuyler County,17992
36099,Seneca County,34612
36101,Steuben County,96927
36103,Suffolk County,1487901
36105,Sullivan County,75211
36107,Tioga County,49045
36109,Tompkins County,102962
36111,Ulster County,179303
36113,Warren County,64480
36115,Washington County,61828
36117,Wayne County,90856
36119,Westchester County,968815
36121,Wyoming County,40565
36123,Yates County,25009
37001,Alamance County,160576
37003,Alexander County,37119
37005,Alleghany County,10973
37007,Anson County,25306
37009,Ashe County,26786
37011,Avery County,17501
37013,Beaufort County,47243
37015,Bertie County,19644
37017,Bladen County,33778
37019,Brunswick County,126860
37021,Buncombe County,254474
37023,Burke County,89712
37025,Cabarrus County,201448
37027,Caldwell County,81779
37029,Camden County,10447
37031,Carteret County,68920
37033,Caswell County,22746
37035,Catawba County,156729
37037,Chatham County,69791
37039,Cherokee County,27668
37041,Chowan County,14205
37043,Clay County,10813
37045,Cleveland County,97159
37047,Columbus County,56293
37049,Craven County,103082
37051,Cumberland County,332106
37053,Currituck County,25796
37055,Dare County,35741
37057,Davidson County,164664
37059,Davie County,41991
37061,Duplin County,59062
37063,Durham County,306457
37065,Edgecombe County,53332
37067,Forsyth County,371573
37069,Franklin County,64902
37071,Gaston County,216585
37073,Gates County,11563
37075,Graham County,8557
37077,Granville County,58874
37079,Greene County,21008
37081,Guilford County,523582
37083,Halifax County,51737
37085,Harnett County,130361
37087,Haywood County,60433
37089,Henderson County,113625
37091,Hertford County,24153
37093,Hoke County,53239
37095,Hyde County,5393
37097,Iredell County,172525
37099,Jackson County,42256
37101,Johnston County,191172
37103,Jones County,9695
37105,Lee County,60125
37107,Lenoir County,57227
37109,Lincoln County,81441
37111,McDowell County,45109
37113,Macon County,34410
37115,Madison County,21405
37117,Martin County,23054
37119,Mecklenburg County,1054314
37121,Mitchell County,15040
37123,Montgomery County,27338
37125,Moore County,95629
37127,Nash County,94003
37129,New Hanover County,224231
37131,Northampton County,20186
37133,Onslow County,193912
37135,Orange County,142938
37137,Pamlico County,12742
37139,Pasquotank County,39479
37141,Pender County,59020
37143,Perquimans County,13459
37145,Person County,39305
37147,Pitt County,177372
37149,Polk County,20458
37151,Randolph County,142958
37153,Richmond County,45189
37155,Robeson County,133442
37157,Rockingham County,91270
37159,Rowan County,139605
37161,Rutherford County,66532
37163,Sampson County,63561
37165,Scotland County,35262
37167,Stanly County,61114
37169,Stokes County,45905
37171,Surry County,72099
37173,Swain County,14254
37175,Transylvania County,33513
37177,Tyrrell County,4119
37179,Union County,226694
37181,Vance County,44482
37183,Wake County,1046558
37185,Warren County,20033
37187,Washington County,12156
37189,Watauga County,54117
37191,Wayne County,124002
37193,Wilkes County,68460
37195,Wilson County,81336
37197,Yadkin County,37665
37199,Yancey County,17667
38001,Adams County,2351
38003,Barnes County,10836
38005,Benson County,6886
38007,Billings County,946
38009,Bottineau County,6589
38011,Bowman County,3195
38013,Burke County,2213
38015,Burleigh County,93737
38017,Cass County,174202
38019,Cavalier County,3824
38021,Dickey County,4970
38023,Divide County,2369
38025,Dunn County,4387
38027,Eddy County,2313
38029,Emmons County,3352
38031,Foster County,3290
38033,Golden Valley County,1882
38035,Grand Forks County,70400
38037,Grant County,2380
38039,Griggs County,2266
38041,Hettinger County,2576
38043,Kidder County,2460
38045,LaMoure County,4100
38047,Logan County,1927
38049,McHenry County,5927
38051,McIntosh County,2654
38053,McKenzie County,12536
38055,McLean County,9608
38057,Mercer County,8570
38059,Morton County,30544
38061,Mountrail County,10152
38063,Nelson County,2920
38065,Oliver County,1837
38067,Pembina County,7016
38069,Pierce County,4210
38071,Ramsey County,11557
38073,Ransom County,5361
38075,Renville County,2495
38077,Richland County,16288
38079,Rolette County,14603
38081,Sargent County,3883
38083,Sheridan County,1405
38085,Sioux County,4413
38087,Slope County,704
38089,Stark County,30876
38091,Steele County,1910
38093,Stutsman County,21064
38095,Towner County,2246
38097,Traill County,8019
38099,Walsh County,10802
38101,Ward County,69034
38103,Wells County,4055
38105,Williams County,34061
39001,Adams County,27878
39003,Allen County,103642
39005,Ashland County,53477
39007,Ashtabula County,98136
39009,Athens County,65936
39011,Auglaize County,45784
39013,Belmont County,68472
39015,Brown County,43679
39017,Butler County,378294
39019,Carroll County,27578
39021,Champaign County,38864
39023,Clark County,135198
39025,Clermont County,203216
39027,Clinton County,41896
39029,Columbiana County,104003
39031,Coshocton County,36574
39033,Crawford County,42021
39035,Cuyahoga County,1253783
39037,Darke County,51734
39039,Defiance County,38279
39041,Delaware County,197008
39043,Erie County,75136
39045,Fairfield County,152910
39047,Fayette County,28645
39049,Franklin County,1275333
39051,Fulton County,42305
39053,Gallia County,30195
39055,Geauga County,93961
39057,Greene County,165811
39059,Guernsey County,39274
39061,Hamilton County,812037
39063,Hancock County,75690
39065,Hardin County,31542
39067,Harrison County,15307
39069,Henry County,27316
39071,Highland County,43007
39073,Hocking County,28495
39075,Holmes County,43859
39077,Huron County,58457
39079,Jackson County,32524
39081,Jefferson County,66886
39083,Knox County,61215
39085,Lake County,230052
39087,Lawrence County,60622
39089,Licking County,172293
39091,Logan County,45307
39093,Lorain County,306713
39095,Lucas County,432379
39097,Madison County,43988
39099,Mahoning County,231064
39101,Marion County,65344
39103,Medina County,177257
39105,Meigs County,23160
39107,Mercer County,40806
39109,Miami County,104800
39111,Monroe County,14090
39113,Montgomery County,532034
39115,Morgan County,14702
39117,Morrow County,34976
39119,Muskingum County,86076
39121,Noble County,14443
39123,Ottawa County,40709
39125,Paulding County,18872
39127,Perry County,35985
39129,Pickaway County,57420
39131,Pike County,28214
39133,Portage County,162644
39135,Preble County,41207
39137,Putnam County,33969
39139,Richland County,121324
39141,Ross County,77051
39143,Sandusky County,59299
39145,Scioto County,76377
39147,Seneca County,55475
39149,Shelby County,48797
39151,Stark County,373475
39153,Summit County,541810
39155,Trumbull County,201794
39157,Tuscarawas County,92526
39159,Union County,55654
39161,Van Wert County,28281
39163,Vinton County,13111
39165,Warren County,226564
39167,Washington County,60671
39169,Wayne County,116208
39171,Williams County,36936
39173,Wood County,129936
39175,Wyandot County,22107
40001,Adair County,22113
40003,Alfalfa County,5857
40005,Atoka County,13874
40007,Beaver County,5415
40009,Beckham County,22621
40011,Blaine County,9634
40013,Bryan County,45759
40015,Caddo County,29342
40017,Canadian County,136710
40019,Carter County,48406
40021,Cherokee County,48599
40023,Choctaw County,14886
40025,Cimarron County,2189
40027,Cleveland County,276733
40029,Coal County,5618
40031,Comanche County,122561
40033,Cotton County,5929
40035,Craig County,14493
40037,Creek County,71160
40039,Custer County,29209
40041,Delaware County,42112
40043,Dewey County,4918
40045,Ellis County,4072
40047,Garfield County,62190
40049,Garvin County,27823
40051,Grady County,54733
40053,Grant County,4418
40055,Greer County,5943
40057,Harmon County,2721
40059,Harper County,3847
40061,Haskell County,12704
40063,Hughes County,13460
40065,Jackson County,25384
40067,Jefferson County,6223
40069,Johnston County,11041
40071,Kay County,44880
40073,Kingfisher County,15618
40075,Kiowa County,9001
40077,Latimer County,10495
40079,Le Flore County,49909
40081,Lincoln County,34854
40083,Logan County,46044
40085,Love County,9933
40087,McClain County,38634
40089,McCurtain County,32966
40091,McIntosh County,19819
40093,Major County,7718
40095,Marshall County,16376
40097,Mayes County,40980
40099,Murray County,13875
40101,Muskogee County,69084
40103,Noble County,11411
40105,Nowata County,10383
40107,Okfuskee County,12115
40109,Oklahoma County,782051
40111,Okmulgee County,38889
40113,Osage County,47311
40115,Ottawa County,31566
40117,Pawnee County,16428
40119,Payne County,81512
40121,Pittsburg County,44382
40123,Pontotoc County,38358
40125,Pottawatomie County,72000
40127,Pushmataha County,11119
40129,Roger Mills County,3708
40131,Rogers County,90814
40133,Seminole County,25071
40135,Sequoyah County,41359
40137,Stephens County,43983
40139,Texas County,21121
40141,Tillman County,7515
40143,Tulsa County,642781
40145,Wagoner County,77850
40147,Washington County,52001
40149,Washita County,11432
40151,Woods County,9127
40153,Woodward County,20967
41001,Baker County,15984
41003,Benton County,89780
41005,Clackamas County,405788
41007,Clatsop County,38562
41009,Columbia County,50851
41011,Coos County,63308
41013,Crook County,22337
41015,Curry County,22507
41017,Deschutes County,180640
41019,Douglas County,108323
41021,Gilliam County,1907
41023,Grant County,7183
41025,Harney County,7228
41027,Hood River County,23131
41029,Jackson County,214267
41031,Jefferson County,23143
41033,Josephine County,85481
41035,Klamath County,66310
41037,Lake County,7843
41039,Lane County,368882
41041,Lincoln County,47881
41043,Linn County,122870
41045,Malheur County,30431
41047,Marion County,335553
41049,Morrow County,11215
41051,Multnomah County,798647
41053,Polk County,81427
41055,Sherman County,1605
41057,Tillamook County,26076
41059,Umatilla County,76898
41061,Union County,26028
41063,Wallowa County,6924
41065,Wasco County,25866
41067,Washington County,581821
41069,Wheeler County,1426
41071,Yamhill County,103820
42001,Adams County,102023
42003,Allegheny County,1225561
42005,Armstrong County,66331
42007,Beaver County,166896
42009,Bedford County,48611
42011,Berks County,416642
42013,Blair County,123842
42015,Bradford County,61304
42017,Bucks County,626370
42019,Butler County,186566
42021,Cambria County,134550
42023,Cameron County,4686
42025,Carbon County,63931
42027,Centre County,161443
42029,Chester County,517156
42031,Clarion County,38827
42033,Clearfield County,80216
42035,Clinton County,39074
42037,Columbia County,66220
42039,Crawford County,86164
42041,Cumberland County,247433
42043,Dauphin County,274515
42045,Delaware County,563527
42047,Elk County,30608
42049,Erie County,275972
42051,Fayette County,132289
42053,Forest County,7351
42055,Franklin County,153751
42057,Fulton County,14506
42059,Greene County,37144
42061,Huntingdon County,45421
42063,Indiana County,85755
42065,Jefferson County,44084
42067,Juniata County,24562
42069,Lackawanna County,211454
42071,Lancaster County,538347
42073,Lawrence County,87382
42075,Lebanon County,138674
42077,Lehigh County,362613
42079,Luzerne County,317884
42081,Lycoming County,114859
42083,McKean County,41806
42085,Mercer County,112630
42087,Mifflin County,46362
42089,Monroe County,167586
42091,Montgomery County,821301
42093,Montour County,18294
42095,Northampton County,301778
42097,Northumberland County,92325
42099,Perry County,45924
42101,Philadelphia County,1575522
42103,Pike County,55498
42105,Potter County,16937
42107,Schuylkill County,143555
42109,Snyder County,40466
42111,Somerset County,74949
42113,Sullivan County,6177
42115,Susquehanna County,41340
42117,Tioga County,41226
42119,Union County,45114
42121,Venango County,52376
42123,Warren County,40035
42125,Washington County,207547
42127,Wayne County,51536
42129,Westmoreland County,354751
42131,Wyoming County,27588
42133,York County,444014
44001,Bristol County,48900
44003,Kent County,163861
44005,Newport County,83075
44007,Providence County,634533
44009,Washington County,126242
45001,Abbeville County,24657
45003,Aiken County,166926
45005,Allendale County,9214
45007,Anderson County,195995
45009,Bamberg County,14600
45011,Barnwell County,21577
45013,Beaufort County,182658
45015,Berkeley County,209065
45017,Calhoun County,14713
45019,Charleston County,394708
45021,Cherokee County,56711
45023,Chester County,32326
45025,Chesterfield County,46024
45027,Clarendon County,34017
45029,Colleton County,37568
45031,Darlington County,67253
45033,Dillon County,30871
45035,Dorchester County,155474
45037,Edgefield County,26769
45039,Fairfield County,22712
45041,Florence County,138561
45043,Georgetown County,61605
45045,Greenville County,498402
45047,Greenwood County,70264
45049,Hampton County,19807
45051,Horry County,320915
45053,Jasper County,27900
45055,Kershaw County,64361
45057,Lancaster County,89546
45059,Laurens County,66710
45061,Lee County,17606
45063,Lexington County,286316
45065,McCormick County,9606
45067,Marion County,31562
45069,Marlboro County,27131
45071,Newberry County,38068
45073,Oconee County,76696
45075,Orangeburg County,88454
45077,Pickens County,122746
45079,Richland County,408263
45081,Saluda County,20299
45083,Spartanburg County,302195
45085,Sumter County,106995
45087,Union County,27644
45089,Williamsburg County,31794
45091,York County,258641
46003,Aurora County,2759
46005,Beadle County,18374
46007,Bennett County,3437
46009,Bon Homme County,6969
46011,Brookings County,34239
46013,Brown County,38840
46015,Brule County,5256
46017,Buffalo County,2053
46019,Butte County,10177
46021,Campbell County,1435
46023,Charles Mix County,9344
46025,Clark County,3673
46027,Clay County,13925
46029,Codington County,27993
46031,Corson County,4168
46033,Custer County,8573
46035,Davison County,19901
46037,Day County,5506
46039,Deuel County,4306
46041,Dewey County,5779
46043,Douglas County,2930
46045,Edmunds County,3940
46047,Fall River County,6774
46049,Faulk County,2322
46051,Grant County,7217
46053,Gregory County,4201
46055,Haakon County,2082
46057,Hamlin County,6000
46059,Hand County,3301
46061,Hanson County,3397
46063,Harding County,1311
46065,Hughes County,17617
46067,Hutchinson County,7315
46069,Hyde County,1331
46071,Jackson County,3287
46073,Jerauld County,2029
46075,Jones County,735
46077,Kingsbury County,4967
46079,Lake County,12574
46081,Lawrence County,25234
46083,Lincoln County,54914
46085,Lyman County,3869
46087,McCook County,5511
46089,McPherson County,2364
46091,Marshall County,4895
46093,Meade County,27424
46095,Mellette County,2055
46097,Miner County,2229
46099,Minnehaha County,186749
46101,Moody County,6506
46102,Oglala Lakota County,14335
46103,Pennington County,109294
46105,Perkins County,2907
46107,Potter County,2326
46109,Roberts County,10285
46111,Sanborn County,2388
46115,Spink County,6543
46117,Stanley County,2997
46119,Sully County,1331
46121,Todd County,10146
46123,Tripp County,5468
46125,Turner County,8264
46127,Union County,15177
46129,Walworth County,5510
46135,Yankton County,22717
46137,Ziebach County,2814
47001,Anderson County,75775
47003,Bedford County,47558
47005,Benton County,16112
47007,Bledsoe County,14602
47009,Blount County,128443
47011,Bradley County,104557
47013,Campbell County,39687
47015,Cannon County,13976
47017,Carroll County,28018
47019,Carter County,56391
47021,Cheatham County,39929
47023,Chester County,17150
47025,Claiborne County,31613
47027,Clay County,7686
47029,Cocke County,35336
47031,Coffee County,54531
47033,Crockett County,14499
47035,Cumberland County,58634
47037,Davidson County,684017
47039,Decatur County,11683
47041,DeKalb County,19601
47043,Dickson County,51988
47045,Dyer County,37576
47047,Fayette County,39692
47049,Fentress County,17994
47051,Franklin County,41512
47053,Gibson County,49175
47055,Giles County,29167
47057,Grainger County,23013
47059,Greene County,68669
47061,Grundy County,13331
47063,Hamblen County,63740
47065,Hamilton County,357546
47067,Hancock County,6585
47069,Hardeman County,25562
47071,Hardin County,25771
47073,Hawkins County,56402
47075,Haywood County,17779
47077,Henderson County,27859
47079,Henry County,32279
47081,Hickman County,24678
47083,Houston County,8176
47085,Humphreys County,18318
47087,Jackson County,11615
47089,Jefferson County,53247
47091,Johnson County,17789
47093,Knox County,456185
47095,Lake County,7526
47097,Lauderdale County,26297
47099,Lawrence County,42937
47101,Lewis County,11956
47103,Lincoln County,33711
47105,Loudon County,51610
47107,McMinn County,52773
47109,McNairy County,25903
47111,Macon County,23487
47113,Madison County,97682
47115,Marion County,28417
47117,Marshall County,32269
47119,Maury County,89776
47121,Meigs County,11962
47123,Monroe County,45876
47125,Montgomery County,196387
47127,Moore County,6322
47129,Morgan County,21596
47131,Obion County,30520
47133,Overton County,22004
47135,Perry County,7912
47137,Pickett County,5088
47139,Polk County,16782
47141,Putnam County,76440
47143,Rhea County,32628
47145,Roane County,52897
47147,Robertson County,69344
47149,Rutherford County,307128
47151,Scott County,21954
47153,Sequatchie County,14730
47155,Sevier County,96287
47157,Shelby County,937005
47159,Smith County,19458
47161,Stewart County,13301
47163,Sullivan County,156734
47165,Sumner County,179473
47167,Tipton County,61446
47169,Trousdale County,9573
47171,Unicoi County,17780
47173,Union County,19293
47175,Van Buren County,5704
47177,Warren County,40454
47179,Washington County,127055
47181,Wayne County,16649
47183,Weakley County,33626
47185,White County,26580
47187,Williamson County,218648
47189,Wilson County,132663
48001,Anderson County,57863
48003,Andrews County,17818
48005,Angelina County,87607
48007,Aransas County,24763
48009,Archer County,8789
48011,Armstrong County,1916
48013,Atascosa County,48828
48015,Austin County,29565
48017,Bailey County,7092
48019,Bandera County,21763
48021,Bastrop County,82577
48023,Baylor County,3591
48025,Bee County,32691
48027,Bell County,342236
48029,Bexar County,1925865
48031,Blanco County,11279
48033,Borden County,665
48035,Bosque County,18122
48037,Bowie County,93858
48039,Brazoria County,353999
48041,Brazos County,219193
48043,Brewster County,9216
48045,Briscoe County,1546
48047,Brooks County,7180
48049,Brown County,37834
48051,Burleson County,17863
48053,Burnet County,45750
48055,Caldwell County,41401
48057,Calhoun County,21807
48059,Callahan County,13770
48061,Cameron County,421750
48063,Camp County,12813
48065,Carson County,6032
48067,Cass County,30087
48069,Castro County,7787
48071,Chambers County,40292
48073,Cherokee County,51903
48075,Childress County,7226
48077,Clay County,10387
48079,Cochran County,2904
48081,Coke County,3275
48083,Coleman County,8391
48085,Collin County,944350
48087,Collingsworth County,2996
48089,Colorado County,21022
48091,Comal County,135097
48093,Comanche County,13495
48095,Concho County,4233
48097,Cooke County,39571
48099,Coryell County,75389
48101,Cottle County,1623
48103,Crane County,4839
48105,Crockett County,3633
48107,Crosby County,5861
48109,Culberson County,2241
48111,Dallam County,7243
48113,Dallas County,2586552
48115,Dawson County,12964
48117,Deaf Smith County,18899
48119,Delta County,5215
48121,Denton County,807047
48123,DeWitt County,20435
48125,Dickens County,2216
48127,Dimmit County,10663
48129,Donley County,3387
48131,Duval County,11355
48133,Eastland County,18270
48135,Ector County,158342
48137,Edwards County,2055
48139,Ellis County,168838
48141,El Paso County,837654
48143,Erath County,41482
48145,Falls County,17299
48147,Fannin County,34175
48149,Fayette County,25066
48151,Fisher County,3883
48153,Floyd County,5872
48155,Foard County,1408
48157,Fort Bend County,739342
48159,Franklin County,10679
48161,Freestone County,19709
48163,Frio County,19394
48165,Gaines County,20321
48167,Galveston County,327089
48169,Garza County,6288
48171,Gillespie County,26208
48173,Glasscock County,1430
48175,Goliad County,7531
48177,Gonzales County,20667
48179,Gray County,22685
48181,Grayson County,128560
48183,Gregg County,123494
48185,Grimes County,27630
48187,Guadalupe County,155137
48189,Hale County,34113
48191,Hall County,3074
48193,Hamilton County,8269
48195,Hansford County,5547
48197,Hardeman County,3952
48199,Hardin County,56379
48201,Harris County,4602523
48203,Harrison County,66645
48205,Hartley County,5767
48207,Haskell County,5809
48209,Hays County,204150
48211,Hemphill County,4061
48213,Henderson County,80460
48215,Hidalgo County,849389
48217,Hill County,35399
48219,Hockley County,23162
48221,Hood County,56901
48223,Hopkins County,36240
48225,Houston County,22955
48227,Howard County,36667
48229,Hudspeth County,4098
48231,Hunt County,92152
48233,Hutchinson County,21571
48235,Irion County,1524
48237,Jack County,8842
48239,Jackson County,14820
48241,Jasper County,35504
48243,Jeff Davis County,2234
48245,Jefferson County,255210
48247,Jim Hogg County,5282
48249,Jim Wells County,41192
48251,Johnson County,163475
48253,Jones County,19891
48255,Karnes County,15387
48257,Kaufman County,118910
48259,Kendall County,41982
48261,Kenedy County,595
48263,Kent County,749
48265,Kerr County,51365
48267,Kimble County,4408
48269,King County,228
48271,Kinney County,3675
48273,Kleberg County,31425
48275,Knox County,3733
48277,Lamar County,49532
48279,Lamb County,13262
48281,Lampasas County,20640
48283,La Salle County,7409
48285,Lavaca County,19941
48287,Lee County,16952
48289,Leon County,17098
48291,Liberty County,81862
48293,Limestone County,23515
48295,Lipscomb County,3469
48297,Live Oak County,12123
48299,Llano County,20640
48301,Loving County,102
48303,Lubbock County,301454
48305,Lynn County,5808
48307,McCulloch County,8098
48309,McLennan County,248429
48311,McMullen County,662
48313,Madison County,14128
48315,Marion County,10083
48317,Martin County,5614
48319,Mason County,4161
48321,Matagorda County,36743
48323,Maverick County,57970
48325,Medina County,49334
48327,Menard County,2123
48329,Midland County,164194
48331,Milam County,24664
48333,Mills County,4902
48335,Mitchell County,8558
48337,Montague County,19409
48339,Montgomery County,554445
48341,Moore County,21801
48343,Morris County,12424
48345,Motley County,1156
48347,Nacogdoches County,65558
48349,Navarro County,48583
48351,Newton County,14057
48353,Nolan County,14966
48355,Nueces County,360486
48357,Ochiltree County,10348
48359,Oldham County,2090
48361,Orange County,84047
48363,Palo Pinto County,28317
48365,Panola County,23440
48367,Parker County,129802
48369,Parmer County,9852
48371,Pecos County,15797
48373,Polk County,47837
48375,Potter County,120899
48377,Presidio County,7123
48379,Rains County,11473
48381,Randall County,132475
48383,Reagan County,3752
48385,Real County,3389
48387,Red River County,12275
48389,Reeves County,15125
48391,Refugio County,7236
48393,Roberts County,885
48395,Robertson County,16890
48397,Rockwall County,93642
48399,Runnels County,10310
48401,Rusk County,53595
48403,Sabine County,10458
48405,San Augustine County,8327
48407,San Jacinto County,27819
48409,San Patricio County,67046
48411,San Saba County,5962
48413,Schleicher County,3061
48415,Scurry County,17239
48417,Shackelford County,3311
48419,Shelby County,25478
48421,Sherman County,3058
48423,Smith County,225015
48425,Somervell County,8743
48427,Starr County,63894
48429,Stephens County,9372
48431,Sterling County,1141
48433,Stonewall County,1385
48435,Sutton County,3865
48437,Swisher County,7484
48439,Tarrant County,2019977
48441,Taylor County,136348
48443,Terrell County,862
48445,Terry County,12615
48447,Throckmorton County,1567
48449,Titus County,32730
48451,Tom Green County,117466
48453,Travis County,1203166
48455,Trinity County,14569
48457,Tyler County,21496
48459,Upshur County,40769
48461,Upton County,3634
48463,Uvalde County,27009
48465,Val Verde County,49027
48467,Van Zandt County,54368
48469,Victoria County,91970
48471,Walker County,71539
48473,Waller County,49987
48475,Ward County,11586
48477,Washington County,34796
48479,Webb County,272053
48481,Wharton County,41551
48483,Wheeler County,5482
48485,Wichita County,131818
48487,Wilbarger County,12906
48489,Willacy County,21754
48491,Williamson County,527057
48493,Wilson County,48198
48495,Winkler County,7802
48497,Wise County,64639
48499,Wood County,43815
48501,Yoakum County,8571
48503,Young County,18114
48505,Zapata County,14369
48507,Zavala County,12131
49001,Beaver County,6443
49003,Box Elder County,53001
49005,Cache County,122336
49007,Carbon County,20356
49009,Daggett County,612
49011,Davis County,340621
49013,Duchesne County,20219
49015,Emery County,10248
49017,Garfield County,5017
49019,Grand County,9616
49021,Iron County,49691
49023,Juab County,10948
49025,Kane County,7350
49027,Millard County,12733
49029,Morgan County,11391
49031,Piute County,1904
49033,Rich County,2350
49035,Salt Lake County,1120805
49037,San Juan County,15281
49039,Sanpete County,29366
49041,Sevier County,21118
49043,Summit County,40511
49045,Tooele County,65185
49047,Uintah County,36323
49049,Utah County,590440
49051,Wasatch County,30523
49053,Washington County,160537
49055,Wayne County,2694
49057,Weber County,247731
50001,Addison County,36939
50003,Bennington County,35920
50005,Caledonia County,30425
50007,Chittenden County,162052
50009,Essex County,6208
50011,Franklin County,49025
50013,Grand Isle County,6965
50015,Lamoille County,25268
50017,Orange County,28937
50019,Orleans County,26911
50021,Rutland County,59273
50023,Washington County,58477
50025,Windham County,43150
50027,Windsor County,55427
51001,Accomack County,32742
51003,Albemarle County,106355
51005,Alleghany County,15286
51007,Amelia County,12854
51009,Amherst County,31882
51011,Appomattox County,15577
51013,Arlington County,231803
51015,Augusta County,74701
51017,Bath County,4393
51019,Bedford County,77908
51021,Bland County,6447
51023,Botetourt County,33222
51025,Brunswick County,16665
51027,Buchanan County,22138
51029,Buckingham County,17004
51031,Campbell County,55170
51033,Caroline County,30184
51035,Carroll County,29738
51036,Charles City County,6995
51037,Charlotte County,12095
51041,Chesterfield County,339447
51043,Clarke County,14365
51045,Craig County,5113
51047,Culpeper County,50450
51049,Cumberland County,9786
51051,Dickenson County,14960
51053,Dinwiddie County,28308
51057,Essex County,11036
51059,Fairfax County,1143529
51061,Fauquier County,69115
51063,Floyd County,15666
51065,Fluvanna County,26282
51067,Franklin County,56233
51069,Frederick County,85153
51071,Giles County,16814
51073,Gloucester County,37161
51075,Goochland County,22482
51077,Grayson County,15811
51079,Greene County,19410
51081,Greensville County,11659
51083,Halifax County,34779
51085,Hanover County,104449
51087,Henrico County,325642
51089,Henry County,51588
51091,Highland County,2214
51093,Isle of Wight County,36372
51095,James City County,74153
51097,King and Queen County,7052
51099,King George County,25890
51101,King William County,16497
51103,Lancaster County,10804
51105,Lee County,24134
51107,Loudoun County,385143
51109,Louisa County,35380
51111,Lunenburg County,12278
51113,Madison County,13139
51115,Mathews County,8796
51117,Mecklenburg County,30847
51119,Middlesex County,10700
51121,Montgomery County,97997
51125,Nelson County,14812
51127,New Kent County,21103
51131,Northampton County,11957
51133,Northumberland County,12223
51135,Nottoway County,15500
51137,Orange County,35612
51139,Page County,23749
51141,Patrick County,17859
51143,Pittsylvania County,61676
51145,Powhatan County,28574
51147,Prince Edward County,22956
51149,Prince George County,37894
51153,Prince William County,456749
51155,Pulaski County,34234
51157,Rappahannock County,7332
51159,Richmond County,8878
51161,Roanoke County,93583
51163,Rockbridge County,22509
51165,Rockingham County,79444
51167,Russell County,27408
51169,Scott County,22009
51171,Shenandoah County,43045
51173,Smyth County,31059
51175,Southampton County,17939
51177,Spotsylvania County,131412
51179,Stafford County,144012
51181,Surry County,6600
51183,Sussex County,11486
51185,Tazewell County,42080
51187,Warren County,39449
51191,Washington County,54406
51193,Westmoreland County,17638
51195,Wise County,39025
51197,Wythe County,28940
51199,York County,67587
51510,Alexandria city,156505
51520,Bristol city,16843
51530,Buena Vista city,6399
51540,Charlottesville city,47042
51550,Chesapeake city,237820
51570,Colonial Heights city,17593
51580,Covington city,5582
51590,Danville city,41512
51595,Emporia city,5381
51600,Fairfax city,23865
51610,Falls Church city,14067
51620,Franklin city,8211
51630,Fredericksburg city,28469
51640,Galax city,6638
51650,Hampton city,135583
51660,Harrisonburg city,53391
51670,Hopewell city,22408
51678,Lexington city,7110
51680,Lynchburg city,80131
51683,Manassas city,41457
51685,Manassas Park city,16423
51690,Martinsville city,13101
51700,Newport News city,180145
51710,Norfolk city,245592
51720,Norton city,3990
51730,Petersburg city,31827
51735,Poquoson city,12039
51740,Portsmouth city,95311
51750,Radford city,17630
51760,Richmond city,223787
51770,Roanoke city,99621
51775,Salem city,25519
51790,Staunton city,24452
51800,Suffolk city,89160
51810,Virginia Beach city,450135
51820,Waynesboro city,21926
51830,Williamsburg city,14788
51840,Winchester city,27789
53001,Adams County,19452
53003,Asotin County,22337
53005,Benton County,194168
53007,Chelan County,75757
53009,Clallam County,74487
53011,Clark County,465384
53013,Columbia County,4001
53015,Cowlitz County,105112
53017,Douglas County,41371
53019,Ferry County,7576
53021,Franklin County,90660
53023,Garfield County,2224
53025,Grant County,94860
53027,Grays Harbor County,71967
53029,Island County,81636
53031,Jefferson County,30856
53033,King County,2163257
53035,Kitsap County,262475
53037,Kittitas County,44825
53039,Klickitat County,21396
53041,Lewis County,76947
53043,Lincoln County,10435
53045,Mason County,62627
53047,Okanogan County,41638
53049,Pacific County,21281
53051,Pend Oreille County,13219
53053,Pierce County,859840
53055,San Juan County,16473
53057,Skagit County,123907
53059,Skamania County,11620
53061,Snohomish County,786620
53063,Spokane County,497875
53065,Stevens County,44214
53067,Thurston County,274684
53069,Wahkiakum County,4189
53071,Walla Walla County,60236
53073,Whatcom County,216812
53075,Whitman County,48593
53077,Yakima County,249325
54001,Barbour County,16730
54003,Berkeley County,113495
54005,Boone County,22817
54007,Braxton County,14282
54009,Brooke County,22772
54011,Cabell County,95318
54013,Calhoun County,7396
54015,Clay County,8785
54017,Doddridge County,8536
54019,Fayette County,44126
54021,Gilmer County,8205
54023,Grant County,11641
54025,Greenbrier County,35347
54027,Hampshire County,23363
54029,Hancock County,29680
54031,Hardy County,13842
54033,Harrison County,68209
54035,Jackson County,29018
54037,Jefferson County,56179
54039,Kanawha County,185710
54041,Lewis County,16276
54043,Lincoln County,21078
54045,Logan County,33801
54047,McDowell County,19217
54049,Marion County,56497
54051,Marshall County,31645
54053,Mason County,26939
54055,Mercer County,60486
54057,Mineral County,27278
54059,Mingo County,24741
54061,Monongalia County,105252
54063,Monroe County,13467
54065,Morgan County,17624
54067,Nicholas County,25324
54069,Ohio County,42547
54071,Pendleton County,7056
54073,Pleasants County,7507
54075,Pocahontas County,8531
54077,Preston County,33837
54079,Putnam County,56652
54081,Raleigh County,76232
54083,Randolph County,29065
54085,Ritchie County,9932
54087,Roane County,14205
54089,Summers County,13018
54091,Taylor County,16951
54093,Tucker County,7027
54095,Tyler County,8909
54097,Upshur County,24605
54099,Wayne County,40708
54101,Webster County,8518
54103,Wetzel County,15614
54105,Wirt County,5797
54107,Wood County,85556
54109,Wyoming County,21711
55001,Adams County,20073
55003,Ashland County,15712
55005,Barron County,45252
55007,Bayfield County,14992
55009,Brown County,259786
55011,Buffalo County,13167
55013,Burnett County,15258
55015,Calumet County,49807
55017,Chippewa County,63635
55019,Clark County,34491
55021,Columbia County,56954
55023,Crawford County,16288
55025,Dane County,529843
55027,Dodge County,87776
55029,Door County,27439
55031,Douglas County,43402
55033,Dunn County,44498
55035,Eau Claire County,102991
55037,Florence County,4337
55039,Fond du Lac County,102315
55041,Forest County,9018
55043,Grant County,51828
55045,Green County,36864
55047,Green Lake County,18757
55049,Iowa County,23620
55051,Iron County,5715
55053,Jackson County,20506
55055,Jefferson County,84652
55057,Juneau County,26419
55059,Kenosha County,168330
55061,Kewaunee County,20360
55063,La Crosse County,117850
55065,Lafayette County,16735
55067,Langlade County,19164
55069,Lincoln County,27848
55071,Manitowoc County,79407
55073,Marathon County,135264
55075,Marinette County,40537
55077,Marquette County,15207
55078,Menominee County,4579
55079,Milwaukee County,954209
55081,Monroe County,45502
55083,Oconto County,37556
55085,Oneida County,35345
55087,Outagamie County,184754
55089,Ozaukee County,88284
55091,Pepin County,7262
55093,Pierce County,41603
55095,Polk County,43349
55097,Portage County,70599
55099,Price County,13490
55101,Racine County,195398
55103,Richland County,17539
55105,Rock County,161769
55107,Rusk County,14183
55109,St. Croix County,87917
55111,Sauk County,63596
55113,Sawyer County,16370
55115,Shawano County,41009
55117,Sheboygan County,115205
55119,Taylor County,20356
55121,Trempealeau County,29438
55123,Vernon County,30516
55125,Vilas County,21593
55127,Walworth County,103013
55129,Washburn County,15689
55131,Washington County,134535
55133,Waukesha County,398879
55135,Waupaca County,51444
55137,Waushara County,24116
55139,Winnebago County,169926
55141,Wood County,73274
56001,Albany County,38102
56003,Big Horn County,11901
56005,Campbell County,47708
56007,Carbon County,15477
56009,Converse County,13997
56011,Crook County,7410
56013,Fremont County,40076
56015,Goshen County,13438
56017,Hot Springs County,4680
56019,Johnson County,8515
56021,Laramie County,97692
56023,Lincoln County,19011
56025,Natrona County,80610
56027,Niobrara County,2448
56029,Park County,29121
56031,Platte County,8673
56033,Sheridan County,30012
56035,Sublette County,9951
56037,Sweetwater County,44117
56039,Teton County,23059
56041,Uinta County,20609
56043,Washakie County,8129
56045,Weston County,7100
72001,Adjuntas Municipio,18181
72003,Aguada Municipio,38643
72005,Aguadilla Municipio,54166
72007,Aguas Buenas Municipio,26275
72009,Aibonito Municipio,23457
72011,Aasco Municipio,27368
72013,Arecibo Municipio,87242
72015,Arroyo Municipio,18111
72017,Barceloneta Municipio,24299
72019,Barranquitas Municipio,28755
72021,Bayamn Municipio,182955
72023,Cabo Rojo Municipio,49005
72025,Caguas Municipio,131363
72027,Camuy Municipio,32222
72029,Canvanas Municipio,46108
72031,Carolina Municipio,157453
72033,Catao Municipio,24888
72035,Cayey Municipio,44530
72037,Ceiba Municipio,11853
72039,Ciales Municipio,16912
72041,Cidra Municipio,40343
72043,Coamo Municipio,39265
72045,Comero Municipio,19539
72047,Corozal Municipio,34165
72049,Culebra Municipio,1314
72051,Dorado Municipio,37208
72053,Fajardo Municipio,32001
72054,Florida Municipio,11910
72055,Gunica Municipio,16783
72057,Guayama Municipio,41706
72059,Guayanilla Municipio,19008
72061,Guaynabo Municipio,88663
72063,Gurabo Municipio,46894
72065,Hatillo Municipio,40390
72067,Hormigueros Municipio,16180
72069,Humacao Municipio,53466
72071,Isabela Municipio,42420
72073,Jayuya Municipio,14906
72075,Juana Daz Municipio,46960
72077,Juncos Municipio,39128
72079,Lajas Municipio,23315
72081,Lares Municipio,26451
72083,Las Maras Municipio,8599
72085,Las Piedras Municipio,37768
72087,Loza Municipio,26463
72089,Luquillo Municipio,18547
72091,Manat Municipio,39692
72093,Maricao Municipio,6202
72095,Maunabo Municipio,11023
72097,Mayagez Municipio,77255
72099,Moca Municipio,36872
72101,Morovis Municipio,31320
72103,Naguabo Municipio,26266
72105,Naranjito Municipio,28557
72107,Orocovis Municipio,21407
72109,Patillas Municipio,17334
72111,Peuelas Municipio,20984
72113,Ponce Municipio,143926
72115,Quebradillas Municipio,24036
72117,Rincn Municipio,14269
72119,Ro Grande Municipio,50550
72121,Sabana Grande Municipio,23054
72123,Salinas Municipio,28633
72125,San Germn Municipio,32114
72127,San Juan Municipio,344606
72129,San Lorenzo Municipio,37873
72131,San Sebastin Municipio,37964
72133,Santa Isabel Municipio,22066
72135,Toa Alta Municipio,73405
72137,Toa Baja Municipio,79726
72139,Trujillo Alto Municipio,67780
72141,Utuado Municipio,29402
72143,Vega Alta Municipio,37724
72145,Vega Baja Municipio,53371
72147,Vieques Municipio,8771
72149,Villalba Municipio,22993
72151,Yabucoa Municipio,34149
72153,Yauco Municipio,36439